{"tr_ADVANCED.HEART.DISEASE_f1_macro": [0.8269005847953224, 0.837426900584796, 0.8350877192982464, 0.8339181286549718, 0.8315789473684219, 0.8350877192982463], "tr_ADVANCED.HEART.DISEASE_f1_micro": [0.8614035087719298, 0.8701754385964913, 0.8701754385964913, 0.8701754385964913, 0.8701754385964913, 0.8701754385964913], "tr_ADVANCED.HEART.DISEASE_f1_weighted": [0.8269005847953224, 0.837426900584796, 0.8350877192982464, 0.8339181286549718, 0.8315789473684219, 0.8350877192982463], "tr_ADVANCED.LUNG.DISEASE_f1_macro": [0.8959064327485387, 0.8935672514619886, 0.8935672514619889, 0.8923976608187141, 0.8959064327485387, 0.8970760233918132], "tr_ADVANCED.LUNG.DISEASE_f1_micro": [0.9192982456140351, 0.9192982456140351, 0.9192982456140351, 0.9175438596491228, 0.9192982456140351, 0.9192982456140351], "tr_ADVANCED.LUNG.DISEASE_f1_weighted": [0.8959064327485387, 0.8935672514619886, 0.8935672514619889, 0.8923976608187141, 0.8959064327485387, 0.8970760233918132], "tr_ALCOHOL.ABUSE_f1_macro": [0.8514619883040943, 0.8479532163742692, 0.8502923976608194, 0.84795321637427, 0.8467836257309949, 0.8526315789473691], "tr_ALCOHOL.ABUSE_f1_micro": [0.8842105263157894, 0.8842105263157894, 0.8842105263157894, 0.8842105263157894, 0.8824561403508772, 0.8842105263157894], "tr_ALCOHOL.ABUSE_f1_weighted": [0.8514619883040943, 0.8479532163742692, 0.8502923976608194, 0.84795321637427, 0.8467836257309949, 0.8526315789473691], "tr_CHRONIC.NEUROLOGICAL.DYSTROPHIES_f1_macro": [0.7894736842105271, 0.7906432748538021, 0.7929824561403519, 0.7894736842105271, 0.7883040935672527, 0.7883040935672523], "tr_CHRONIC.NEUROLOGICAL.DYSTROPHIES_f1_micro": [0.8368421052631579, 0.8350877192982457, 0.8368421052631579, 0.8368421052631579, 0.8368421052631579, 0.8368421052631579], "tr_CHRONIC.NEUROLOGICAL.DYSTROPHIES_f1_weighted": [0.7894736842105271, 0.7906432748538021, 0.7929824561403519, 0.7894736842105271, 0.7883040935672527, 0.7883040935672523], "tr_CHRONIC.PAIN.FIBROMYALGIA_f1_macro": [0.7976608187134513, 0.7918128654970766, 0.7941520467836262, 0.7953216374269011, 0.7929824561403519, 0.791812865497077], "tr_CHRONIC.PAIN.FIBROMYALGIA_f1_micro": [0.8385964912280702, 0.8385964912280702, 0.8385964912280702, 0.8385964912280702, 0.8385964912280702, 0.8385964912280702], "tr_CHRONIC.PAIN.FIBROMYALGIA_f1_weighted": [0.7976608187134513, 0.7918128654970766, 0.7941520467836262, 0.7953216374269011, 0.7929824561403519, 0.791812865497077], "tr_DEMENTIA_f1_macro": [0.9380116959064326, 0.9415204678362579, 0.9403508771929826, 0.9415204678362576, 0.9415204678362576, 0.942690058479532], "tr_DEMENTIA_f1_micro": [0.9526315789473684, 0.956140350877193, 0.9543859649122807, 0.956140350877193, 0.956140350877193, 0.956140350877193], "tr_DEMENTIA_f1_weighted": [0.9380116959064326, 0.9415204678362579, 0.9403508771929826, 0.9415204678362576, 0.9415204678362576, 0.942690058479532], "tr_DEPRESSION_f1_macro": [0.671345029239767, 0.6736842105263164, 0.6771929824561411, 0.6760233918128657, 0.6690058479532174, 0.674853801169591], "tr_DEPRESSION_f1_micro": [0.7368421052631579, 0.7385964912280701, 0.7385964912280701, 0.7385964912280701, 0.7403508771929824, 0.7403508771929824], "tr_DEPRESSION_f1_weighted": [0.672514619883042, 0.6736842105263164, 0.6771929824561411, 0.6760233918128657, 0.6690058479532174, 0.674853801169591], "tr_DEVELOPMENTAL.DELAY.RETARDATION_f1_macro": [0.9777777777777781, 0.9812865497076024, 0.9812865497076024, 0.9812865497076027, 0.9812865497076024, 0.9812865497076024], "tr_DEVELOPMENTAL.DELAY.RETARDATION_f1_micro": [0.9824561403508771, 0.9859649122807017, 0.9859649122807017, 0.9859649122807017, 0.9859649122807017, 0.9859649122807017], "tr_DEVELOPMENTAL.DELAY.RETARDATION_f1_weighted": [0.9777777777777781, 0.9812865497076024, 0.9812865497076024, 0.9812865497076027, 0.9812865497076024, 0.9812865497076024], "tr_NON.ADHERENCE_f1_macro": [0.9169590643274859, 0.9134502923976612, 0.9122807017543866, 0.9134502923976612, 0.9122807017543861, 0.9146198830409361], "tr_NON.ADHERENCE_f1_micro": [0.9333333333333333, 0.9333333333333333, 0.9333333333333333, 0.9333333333333333, 0.9315789473684211, 0.9333333333333333], "tr_NON.ADHERENCE_f1_weighted": [0.9169590643274859, 0.9134502923976612, 0.9122807017543866, 0.9134502923976612, 0.9122807017543861, 0.9146198830409361], "tr_NONE_f1_macro": [0.6432748538011702, 0.6421052631578951, 0.6526315789473691, 0.6432748538011698, 0.6385964912280708, 0.64327485380117], "tr_NONE_f1_micro": [0.712280701754386, 0.712280701754386, 0.712280701754386, 0.712280701754386, 0.712280701754386, 0.712280701754386], "tr_NONE_f1_weighted": [0.6432748538011702, 0.6421052631578951, 0.6526315789473691, 0.6432748538011698, 0.6385964912280708, 0.64327485380117], "tr_OBESITY_f1_macro": [0.921637426900585, 0.9286549707602344, 0.9274853801169594, 0.9274853801169596, 0.9286549707602342, 0.9286549707602342], "tr_OBESITY_f1_micro": [0.9403508771929825, 0.9456140350877194, 0.9456140350877194, 0.9456140350877194, 0.9456140350877194, 0.9456140350877194], "tr_OBESITY_f1_weighted": [0.9228070175438601, 0.9286549707602344, 0.9274853801169594, 0.9274853801169596, 0.9286549707602342, 0.9286549707602342], "tr_OTHER.SUBSTANCE.ABUSE_f1_macro": [0.8807017543859657, 0.8795321637426903, 0.8830409356725148, 0.8807017543859657, 0.8807017543859655, 0.8795321637426905], "tr_OTHER.SUBSTANCE.ABUSE_f1_micro": [0.9087719298245615, 0.9087719298245615, 0.9087719298245615, 0.9087719298245615, 0.9087719298245615, 0.9087719298245615], "tr_OTHER.SUBSTANCE.ABUSE_f1_weighted": [0.8807017543859657, 0.8795321637426903, 0.8830409356725148, 0.8807017543859657, 0.8807017543859655, 0.8795321637426905], "tr_SCHIZOPHRENIA.AND.OTHER.PSYCHIATRIC.DISORDERS_f1_macro": [0.7824561403508781, 0.7801169590643281, 0.7824561403508783, 0.7836257309941531, 0.7812865497076033, 0.7847953216374277], "tr_SCHIZOPHRENIA.AND.OTHER.PSYCHIATRIC.DISORDERS_f1_micro": [0.8298245614035088, 0.8280701754385965, 0.8298245614035088, 0.8280701754385965, 0.8298245614035088, 0.8298245614035088], "tr_SCHIZOPHRENIA.AND.OTHER.PSYCHIATRIC.DISORDERS_f1_weighted": [0.7824561403508781, 0.7801169590643281, 0.7824561403508783, 0.7836257309941531, 0.7812865497076033, 0.7847953216374277], "tr_UNSURE_f1_macro": [0.8666666666666671, 0.8654970760233925, 0.8701754385964915, 0.869005847953217, 0.8701754385964916, 0.8631578947368427], "tr_UNSURE_f1_micro": [0.8947368421052632, 0.8982456140350877, 0.8982456140350877, 0.8982456140350877, 0.8982456140350877, 0.8964912280701754], "tr_UNSURE_f1_weighted": [0.8666666666666671, 0.8654970760233925, 0.8701754385964915, 0.869005847953217, 0.8701754385964916, 0.8631578947368427], "tr_ADVANCED.HEART.DISEASE_accs": [0.8614035248756409, 0.8701754212379456, 0.8701754212379456, 0.8701754212379456, 0.8701754212379456, 0.8701754212379456], "eval_ADVANCED.HEART.DISEASE_accs": [0.8292682766914368, 0.8292682766914368, 0.8292682766914368, 0.8292682766914368, 0.8292682766914368, 0.8292682766914368], "tr_ADVANCED.LUNG.DISEASE_accs": [0.9192982316017151, 0.9192982316017151, 0.9192982316017151, 0.917543888092041, 0.9192982316017151, 0.9192982316017151], "eval_ADVANCED.LUNG.DISEASE_accs": [0.9390243887901306, 0.9390243887901306, 0.9390243887901306, 0.9390243887901306, 0.9390243887901306, 0.9390243887901306], "tr_ALCOHOL.ABUSE_accs": [0.8842105269432068, 0.8842105269432068, 0.8842105269432068, 0.8842105269432068, 0.8824561238288879, 0.8842105269432068], "eval_ALCOHOL.ABUSE_accs": [0.9390243887901306, 0.9512194991111755, 0.9512194991111755, 0.9512194991111755, 0.9512194991111755, 0.9512194991111755], "tr_CHRONIC.NEUROLOGICAL.DYSTROPHIES_accs": [0.8368421196937561, 0.8350877165794373, 0.8368421196937561, 0.8368421196937561, 0.8368421196937561, 0.8368421196937561], "eval_CHRONIC.NEUROLOGICAL.DYSTROPHIES_accs": [0.7804877758026123, 0.7804877758026123, 0.7804877758026123, 0.7804877758026123, 0.7804877758026123, 0.7804877758026123], "tr_CHRONIC.PAIN.FIBROMYALGIA_accs": [0.8385964632034302, 0.8385964632034302, 0.8385964632034302, 0.8385964632034302, 0.8385964632034302, 0.8385964632034302],