{"tr_ADVANCED.HEART.DISEASE_f1_macro": [0.822222222222223, 0.8339181286549714, 0.8304093567251468, 0.8339181286549715, 0.8339181286549716, 0.8327485380116967], "tr_ADVANCED.HEART.DISEASE_f1_micro": [0.8649122807017544, 0.8701754385964913, 0.868421052631579, 0.8701754385964913, 0.8701754385964913, 0.8701754385964913], "tr_ADVANCED.HEART.DISEASE_f1_weighted": [0.8233918128654978, 0.8339181286549714, 0.8304093567251468, 0.8339181286549715, 0.8339181286549716, 0.8327485380116967], "tr_ADVANCED.LUNG.DISEASE_f1_macro": [0.8959064327485388, 0.8959064327485385, 0.8947368421052637, 0.8959064327485385, 0.8959064327485385, 0.8947368421052637], "tr_ADVANCED.LUNG.DISEASE_f1_micro": [0.9192982456140351, 0.9192982456140351, 0.9192982456140351, 0.9192982456140351, 0.9192982456140351, 0.9192982456140351], "tr_ADVANCED.LUNG.DISEASE_f1_weighted": [0.8959064327485388, 0.8959064327485385, 0.8947368421052637, 0.8959064327485385, 0.8959064327485385, 0.8947368421052637], "tr_ALCOHOL.ABUSE_f1_macro": [0.8526315789473691, 0.8479532163742698, 0.8491228070175446, 0.8479532163742698, 0.8491228070175443, 0.8514619883040941], "tr_ALCOHOL.ABUSE_f1_micro": [0.8842105263157894, 0.8824561403508772, 0.8842105263157894, 0.8842105263157894, 0.8842105263157894, 0.8842105263157894], "tr_ALCOHOL.ABUSE_f1_weighted": [0.8526315789473691, 0.8479532163742698, 0.8491228070175446, 0.8479532163742698, 0.8491228070175443, 0.8514619883040941], "tr_CHRONIC.NEUROLOGICAL.DYSTROPHIES_f1_macro": [0.7906432748538021, 0.7906432748538017, 0.7941520467836266, 0.7929824561403517, 0.7883040935672518, 0.7883040935672525], "tr_CHRONIC.NEUROLOGICAL.DYSTROPHIES_f1_micro": [0.8368421052631579, 0.8368421052631579, 0.8368421052631579, 0.8368421052631579, 0.8368421052631579, 0.8368421052631579], "tr_CHRONIC.NEUROLOGICAL.DYSTROPHIES_f1_weighted": [0.7906432748538021, 0.7906432748538017, 0.7941520467836266, 0.7929824561403517, 0.7883040935672518, 0.7883040935672525], "tr_CHRONIC.PAIN.FIBROMYALGIA_f1_macro": [0.7941520467836266, 0.7871345029239776, 0.7929824561403519, 0.7929824561403518, 0.7964912280701761, 0.7941520467836266], "tr_CHRONIC.PAIN.FIBROMYALGIA_f1_micro": [0.8385964912280702, 0.8385964912280702, 0.8385964912280702, 0.8385964912280702, 0.8385964912280702, 0.8385964912280702], "tr_CHRONIC.PAIN.FIBROMYALGIA_f1_weighted": [0.7941520467836266, 0.7871345029239776, 0.7929824561403519, 0.7929824561403518, 0.7964912280701761, 0.7941520467836266], "tr_DEMENTIA_f1_macro": [0.9391812865497081, 0.9426900584795326, 0.9415204678362574, 0.9415204678362576, 0.9415204678362576, 0.9426900584795322], "tr_DEMENTIA_f1_micro": [0.9543859649122807, 0.956140350877193, 0.956140350877193, 0.956140350877193, 0.956140350877193, 0.956140350877193], "tr_DEMENTIA_f1_weighted": [0.9403508771929828, 0.9426900584795326, 0.9415204678362574, 0.9415204678362576, 0.9415204678362576, 0.9426900584795322], "tr_DEPRESSION_f1_macro": [0.6807017543859654, 0.6736842105263164, 0.6725146198830416, 0.6771929824561415, 0.6748538011695914, 0.6771929824561413], "tr_DEPRESSION_f1_micro": [0.7403508771929824, 0.7385964912280701, 0.7403508771929824, 0.7403508771929824, 0.7403508771929824, 0.7403508771929824], "tr_DEPRESSION_f1_weighted": [0.6818713450292401, 0.6736842105263164, 0.6725146198830416, 0.6771929824561415, 0.6748538011695914, 0.6771929824561413], "tr_DEVELOPMENTAL.DELAY.RETARDATION_f1_macro": [0.9812865497076027, 0.9812865497076024, 0.9812865497076024, 0.9812865497076024, 0.9812865497076024, 0.9812865497076022], "tr_DEVELOPMENTAL.DELAY.RETARDATION_f1_micro": [0.9859649122807017, 0.9859649122807017, 0.9859649122807017, 0.9859649122807017, 0.9859649122807017, 0.9859649122807017], "tr_DEVELOPMENTAL.DELAY.RETARDATION_f1_weighted": [0.9812865497076027, 0.9812865497076024, 0.9812865497076024, 0.9812865497076024, 0.9812865497076024, 0.9812865497076022], "tr_NON.ADHERENCE_f1_macro": [0.9146198830409359, 0.9122807017543866, 0.9134502923976614, 0.9122807017543864, 0.9122807017543864, 0.9122807017543864], "tr_NON.ADHERENCE_f1_micro": [0.9350877192982456, 0.9333333333333333, 0.9333333333333333, 0.9333333333333333, 0.9333333333333333, 0.9333333333333333], "tr_NON.ADHERENCE_f1_weighted": [0.9146198830409359, 0.9122807017543866, 0.9134502923976614, 0.9122807017543864, 0.9122807017543864, 0.9122807017543864], "tr_NONE_f1_macro": [0.6479532163742702, 0.642105263157895, 0.6385964912280708, 0.6444444444444449, 0.6421052631578952, 0.6479532163742698], "tr_NONE_f1_micro": [0.7157894736842105, 0.712280701754386, 0.7105263157894737, 0.712280701754386, 0.712280701754386, 0.7105263157894737], "tr_NONE_f1_weighted": [0.6479532163742702, 0.642105263157895, 0.6385964912280708, 0.6444444444444449, 0.6421052631578952, 0.6479532163742698], "tr_OBESITY_f1_macro": [0.9274853801169596, 0.929824561403509, 0.9274853801169594, 0.9286549707602342, 0.928654970760234, 0.929824561403509], "tr_OBESITY_f1_micro": [0.9456140350877194, 0.9456140350877194, 0.9456140350877194, 0.9456140350877194, 0.9438596491228071, 0.9456140350877194], "tr_OBESITY_f1_weighted": [0.9274853801169596, 0.929824561403509, 0.9274853801169594, 0.9286549707602342, 0.928654970760234, 0.929824561403509], "tr_OTHER.SUBSTANCE.ABUSE_f1_macro": [0.8795321637426906, 0.8807017543859658, 0.878362573099416, 0.8830409356725152, 0.8795321637426905, 0.8807017543859653], "tr_OTHER.SUBSTANCE.ABUSE_f1_micro": [0.9087719298245615, 0.9070175438596492, 0.9087719298245615, 0.9087719298245615, 0.9087719298245615, 0.9087719298245615], "tr_OTHER.SUBSTANCE.ABUSE_f1_weighted": [0.8795321637426906, 0.8807017543859658, 0.878362573099416, 0.8830409356725152, 0.8795321637426905, 0.8807017543859653], "tr_SCHIZOPHRENIA.AND.OTHER.PSYCHIATRIC.DISORDERS_f1_macro": [0.7742690058479543, 0.7812865497076034, 0.7812865497076033, 0.7871345029239777, 0.7812865497076033, 0.7847953216374276], "tr_SCHIZOPHRENIA.AND.OTHER.PSYCHIATRIC.DISORDERS_f1_micro": [0.8263157894736842, 0.8280701754385965, 0.8298245614035088, 0.8298245614035088, 0.8298245614035088, 0.8298245614035088], "tr_SCHIZOPHRENIA.AND.OTHER.PSYCHIATRIC.DISORDERS_f1_weighted": [0.7742690058479543, 0.7812865497076034, 0.7812865497076033, 0.7871345029239777, 0.7812865497076033, 0.7847953216374276], "tr_UNSURE_f1_macro": [0.8678362573099423, 0.8678362573099421, 0.8666666666666675, 0.8666666666666674, 0.8678362573099424, 0.8666666666666674], "tr_UNSURE_f1_micro": [0.8982456140350877, 0.8982456140350877, 0.8982456140350877, 0.8964912280701754, 0.8982456140350877, 0.8982456140350877], "tr_UNSURE_f1_weighted": [0.8678362573099423, 0.8678362573099421, 0.8666666666666675, 0.8666666666666674, 0.8678362573099424, 0.8666666666666674], "tr_ADVANCED.HEART.DISEASE_accs": [0.8649122714996338, 0.8701754212379456, 0.8684210777282715, 0.8701754212379456, 0.8701754212379456, 0.8701754212379456], "eval_ADVANCED.HEART.DISEASE_accs": [0.8292682766914368, 0.8292682766914368, 0.8292682766914368, 0.8292682766914368, 0.8292682766914368, 0.8292682766914368], "tr_ADVANCED.LUNG.DISEASE_accs": [0.9192982316017151, 0.9192982316017151, 0.9192982316017151, 0.9192982316017151, 0.9192982316017151, 0.9192982316017151], "eval_ADVANCED.LUNG.DISEASE_accs": [0.9390243887901306, 0.9390243887901306, 0.9390243887901306, 0.9390243887901306, 0.9390243887901306, 0.9390243887901306], "tr_ALCOHOL.ABUSE_accs": [0.8842105269432068, 0.8824561238288879, 0.8842105269432068, 0.8842105269432068, 0.8842105269432068, 0.8842105269432068], "eval_ALCOHOL.ABUSE_accs": [0.9390243887901306, 0.9512194991111755, 0.9512194991111755, 0.9512194991111755, 0.9512194991111755, 0.9512194991111755], "tr_CHRONIC.NEUROLOGICAL.DYSTROPHIES_accs": [0.8368421196937561, 0.8368421196937561, 0.8368421196937561, 0.8368421196937561, 0.8368421196937561, 0.8368421196937561], "eval_CHRONIC.NEUROLOGICAL.DYSTROPHIES_accs": [0.7804877758026123, 0.7804877758026123, 0.7804877758026123, 0.7682926654815674, 0.7804877758026123, 0.7804877758026123],