{"tr_ADVANCED.HEART.DISEASE_f1_macro": [0.6300976800976802, 0.6369759869759871, 0.6304334554334555, 0.6367114367114369, 0.6370573870573872, 0.636792836792837], "tr_ADVANCED.HEART.DISEASE_f1_micro": [0.8715277777777778, 0.8715277777777778, 0.859375, 0.8715277777777778, 0.8715277777777778, 0.8715277777777778], "tr_ADVANCED.HEART.DISEASE_f1_weighted": [0.8161935286935296, 0.8163258038258046, 0.805105311355312, 0.8168549043549053, 0.8161630036630045, 0.816692104192105], "tr_ADVANCED.LUNG.DISEASE_f1_macro": [0.7346764346764348, 0.7279609279609284, 0.7139397639397642, 0.7210012210012208, 0.7210826210826211, 0.7280423280423283], "tr_ADVANCED.LUNG.DISEASE_f1_micro": [0.9201388888888888, 0.9201388888888888, 0.9201388888888888, 0.9201388888888888, 0.9201388888888888, 0.9201388888888888], "tr_ADVANCED.LUNG.DISEASE_f1_weighted": [0.8848137973137982, 0.8843559218559226, 0.884620472120473, 0.8843864468864475, 0.8842236467236475, 0.8841931216931225], "tr_ALCOHOL.ABUSE_f1_macro": [0.6415547415547417, 0.614092389092389, 0.6483516483516483, 0.6278795278795278, 0.6687016687016687, 0.6688848188848191], "tr_ALCOHOL.ABUSE_f1_micro": [0.8854166666666666, 0.8732638888888888, 0.8854166666666666, 0.8854166666666666, 0.8854166666666666, 0.8854166666666666], "tr_ALCOHOL.ABUSE_f1_weighted": [0.8349460724460732, 0.8238985551485563, 0.8352411477411487, 0.834518722018723, 0.8362077737077743, 0.8358414733414742], "tr_CHRONIC.NEUROLOGICAL.DYSTROPHIES_f1_macro": [0.5849613349613348, 0.5781847781847781, 0.6122636622636624, 0.592104192104192, 0.6057387057387058, 0.5986365486365488], "tr_CHRONIC.NEUROLOGICAL.DYSTROPHIES_f1_micro": [0.8385416666666666, 0.8385416666666666, 0.8385416666666666, 0.8385416666666666, 0.8385416666666666, 0.8385416666666666], "tr_CHRONIC.NEUROLOGICAL.DYSTROPHIES_f1_weighted": [0.7710495522995533, 0.7707137769637777, 0.772000453250454, 0.7706527269027277, 0.7711614774114781, 0.7714769027269036], "tr_CHRONIC.PAIN.FIBROMYALGIA_f1_macro": [0.5586080586080584, 0.5859381359381357, 0.6132071632071632, 0.5516483516483516, 0.5715229215229214, 0.5713601213601213], "tr_CHRONIC.PAIN.FIBROMYALGIA_f1_micro": [0.8402777777777778, 0.8402777777777778, 0.8402777777777778, 0.8402777777777778, 0.8402777777777778, 0.8402777777777778], "tr_CHRONIC.PAIN.FIBROMYALGIA_f1_weighted": [0.7716727716727727, 0.7725681725681732, 0.7735856735856743, 0.7717032967032977, 0.7736208236208245, 0.7739464239464248], "tr_DEMENTIA_f1_macro": [0.8492063492063493, 0.8354497354497359, 0.855921855921856, 0.8422466422466424, 0.8216931216931219, 0.8354497354497354], "tr_DEMENTIA_f1_micro": [0.9565972222222222, 0.9565972222222222, 0.9565972222222222, 0.9565972222222222, 0.9565972222222222, 0.9565972222222222], "tr_DEMENTIA_f1_weighted": [0.9370039682539688, 0.9367394179894184, 0.937461843711844, 0.9370344932844937, 0.9364748677248682, 0.9367394179894184], "tr_DEPRESSION_f1_macro": [0.46718906093906054, 0.4563242313242309, 0.4497409997409992, 0.4966477966477964, 0.4702408702408698, 0.4698671698671694], "tr_DEPRESSION_f1_micro": [0.7152777777777778, 0.7309027777777778, 0.7430555555555556, 0.7430555555555556, 0.7430555555555556, 0.7430555555555556], "tr_DEPRESSION_f1_weighted": [0.6224505818255822, 0.6324904262404267, 0.6421846671846677, 0.645593295593296, 0.6428515928515933, 0.6435989935989942], "tr_DEVELOPMENTAL.DELAY.RETARDATION_f1_macro": [0.9476190476190476, 0.9407407407407408, 0.9407407407407408, 0.9407407407407408, 0.9544159544159546, 0.9476190476190476], "tr_DEVELOPMENTAL.DELAY.RETARDATION_f1_micro": [0.9861111111111112, 0.9861111111111112, 0.9861111111111112, 0.9861111111111112, 0.9861111111111112, 0.9861111111111112], "tr_DEVELOPMENTAL.DELAY.RETARDATION_f1_weighted": [0.9797619047619048, 0.9796296296296296, 0.9796296296296296, 0.9796296296296296, 0.9800569800569802, 0.9797619047619048], "tr_NON.ADHERENCE_f1_macro": [0.7869556369556371, 0.7665038665038667, 0.7597069597069599, 0.7804232804232807, 0.7666666666666665, 0.7666666666666667], "tr_NON.ADHERENCE_f1_micro": [0.9340277777777778, 0.9340277777777778, 0.9340277777777778, 0.9340277777777778, 0.9340277777777778, 0.9340277777777778], "tr_NON.ADHERENCE_f1_weighted": [0.905255392755393, 0.9044922669922677, 0.9041971916971924, 0.9044312169312175, 0.9041666666666672, 0.9041666666666673], "tr_NONE_f1_macro": [0.44601077934411215, 0.4391700891700887, 0.4474997224997219, 0.4653624153624149, 0.46636079969413263, 0.4320460403793733], "tr_NONE_f1_micro": [0.7152777777777778, 0.7152777777777778, 0.703125, 0.7152777777777778, 0.7152777777777778, 0.703125], "tr_NONE_f1_weighted": [0.6079784413117751, 0.607770932770933, 0.5945838883338888, 0.6109418359418363, 0.6089450672784009, 0.5977134747968084], "tr_OBESITY_f1_macro": [0.8115588115588117, 0.8116402116402118, 0.7978835978835981, 0.8047619047619049, 0.8050773300773302, 0.797883597883598], "tr_OBESITY_f1_micro": [0.9461805555555556, 0.9461805555555556, 0.9461805555555556, 0.9461805555555556, 0.9340277777777778, 0.9461805555555556], "tr_OBESITY_f1_weighted": [0.9220212657712664, 0.9218584656084663, 0.9215939153439159, 0.9217261904761911, 0.9106786731786735, 0.9215939153439157], "tr_OTHER.SUBSTANCE.ABUSE_f1_macro": [0.7313390313390314, 0.6975885225885228, 0.7110297110297112, 0.7177452177452179, 0.710846560846561, 0.6970085470085472], "tr_OTHER.SUBSTANCE.ABUSE_f1_micro": [0.9097222222222222, 0.8975694444444444, 0.9097222222222222, 0.9097222222222222, 0.9097222222222222, 0.9097222222222222], "tr_OTHER.SUBSTANCE.ABUSE_f1_weighted": [0.8706552706552713, 0.8582951770451779, 0.8696072446072455, 0.8700651200651208, 0.8699735449735457, 0.8698717948717954], "tr_SCHIZOPHRENIA.AND.OTHER.PSYCHIATRIC.DISORDERS_f1_macro": [0.5899063899063901, 0.5561762311762312, 0.5757834757834758, 0.5826007326007325, 0.5827838827838829, 0.5555962555962556], "tr_SCHIZOPHRENIA.AND.OTHER.PSYCHIATRIC.DISORDERS_f1_micro": [0.8315972222222222, 0.8194444444444444, 0.8315972222222222, 0.8315972222222222, 0.8315972222222222, 0.8315972222222222], "tr_SCHIZOPHRENIA.AND.OTHER.PSYCHIATRIC.DISORDERS_f1_weighted": [0.7611594424094434, 0.7487586487586497, 0.7616274928774937, 0.761881868131869, 0.7615155677655686, 0.7603352665852675], "tr_UNSURE_f1_macro": [0.6733007733007735, 0.6665038665038666, 0.6870573870573873, 0.673860398860399, 0.686975986975987, 0.6665038665038665], "tr_UNSURE_f1_micro": [0.8993055555555556, 0.8993055555555556, 0.8993055555555556, 0.8871527777777778, 0.8993055555555556, 0.8993055555555556], "tr_UNSURE_f1_weighted": [0.8547873422873432, 0.8544922669922679, 0.8550518925518934, 0.8432514245014253, 0.8552146927146935, 0.854492266992268], "tr_ADVANCED.HEART.DISEASE_accs": [0.8715277910232544, 0.8715277910232544, 0.859375, 0.8715277910232544, 0.8715277910232544, 0.8715277910232544], "eval_ADVANCED.HEART.DISEASE_accs": [0.8409090638160706, 0.8409090638160706, 0.8409090638160706, 0.8409090638160706, 0.8409090638160706, 0.8409090638160706], "tr_ADVANCED.LUNG.DISEASE_accs": [0.9201388955116272, 0.9201388955116272, 0.9201388955116272, 0.9201388955116272, 0.9201388955116272, 0.9201388955116272], "eval_ADVANCED.LUNG.DISEASE_accs": [0.9431818127632141, 0.9431818127632141, 0.9431818127632141, 0.9431818127632141, 0.9431818127632141, 0.9431818127632141], "tr_ALCOHOL.ABUSE_accs": [0.8854166865348816, 0.8732638955116272, 0.8854166865348816, 0.8854166865348816, 0.8854166865348816, 0.8854166865348816], "eval_ALCOHOL.ABUSE_accs": [0.875, 0.9545454382896423, 0.9545454382896423, 0.9545454382896423, 0.9545454382896423, 0.9545454382896423], "tr_CHRONIC.NEUROLOGICAL.DYSTROPHIES_accs": [0.8385416865348816, 0.8385416865348816, 0.8385416865348816, 0.8385416865348816, 0.8385416865348816, 0.8385416865348816], "eval_CHRONIC.NEUROLOGICAL.DYSTROPHIES_accs": [0.7954545617103577, 0.7954545617103577, 0.7954545617103577, 0.7159090638160706, 0.7954545617103577, 0.7954545617103577], "tr_CHRONIC.PAIN.FIBROMYALGIA_accs": [0.8402777910232544, 0.8402777910232544, 0.8402777910232544, 0.8402777910232544, 0.8402777910232544, 0.8402777910232544],