{"tr_ADVANCED.HEART.DISEASE_f1_macro": [0.615133015133015], "tr_ADVANCED.HEART.DISEASE_f1_micro": [0.8680555555555556], "tr_ADVANCED.HEART.DISEASE_f1_weighted": [0.8114006364006371], "tr_ADVANCED.LUNG.DISEASE_f1_macro": [0.7004477004477005], "tr_ADVANCED.LUNG.DISEASE_f1_micro": [0.9201388888888888], "tr_ADVANCED.LUNG.DISEASE_f1_weighted": [0.8838268213268221], "tr_ALCOHOL.ABUSE_f1_macro": [0.6481684981684983], "tr_ALCOHOL.ABUSE_f1_micro": [0.8854166666666666], "tr_ALCOHOL.ABUSE_f1_weighted": [0.8356074481074489], "tr_CHRONIC.NEUROLOGICAL.DYSTROPHIES_f1_macro": [0.599185999185999], "tr_CHRONIC.NEUROLOGICAL.DYSTROPHIES_f1_micro": [0.8385416666666666], "tr_CHRONIC.NEUROLOGICAL.DYSTROPHIES_f1_weighted": [0.7703780016280022], "tr_CHRONIC.PAIN.FIBROMYALGIA_f1_macro": [0.5434602434602434], "tr_CHRONIC.PAIN.FIBROMYALGIA_f1_micro": [0.8368055555555556], "tr_CHRONIC.PAIN.FIBROMYALGIA_f1_weighted": [0.7672461797461808], "tr_DEMENTIA_f1_macro": [0.8423280423280425], "tr_DEMENTIA_f1_micro": [0.9565972222222222], "tr_DEMENTIA_f1_weighted": [0.9368716931216934], "tr_DEPRESSION_f1_macro": [0.4471688805022133], "tr_DEPRESSION_f1_micro": [0.71875], "tr_DEPRESSION_f1_weighted": [0.6181622389955728], "tr_DEVELOPMENTAL.DELAY.RETARDATION_f1_macro": [0.9476190476190476], "tr_DEVELOPMENTAL.DELAY.RETARDATION_f1_micro": [0.9861111111111112], "tr_DEVELOPMENTAL.DELAY.RETARDATION_f1_weighted": [0.9797619047619048], "tr_NON.ADHERENCE_f1_macro": [0.7666666666666669], "tr_NON.ADHERENCE_f1_micro": [0.9340277777777778], "tr_NON.ADHERENCE_f1_weighted": [0.9041666666666673], "tr_NONE_f1_macro": [0.44620287120287067], "tr_NONE_f1_micro": [0.703125], "tr_NONE_f1_weighted": [0.5971775909275912], "tr_OBESITY_f1_macro": [0.8047619047619048], "tr_OBESITY_f1_micro": [0.9461805555555556], "tr_OBESITY_f1_weighted": [0.9217261904761909], "tr_OTHER.SUBSTANCE.ABUSE_f1_macro": [0.7209198209198209], "tr_OTHER.SUBSTANCE.ABUSE_f1_micro": [0.9010416666666666], "tr_OTHER.SUBSTANCE.ABUSE_f1_weighted": [0.8617317867317874], "tr_SCHIZOPHRENIA.AND.OTHER.PSYCHIATRIC.DISORDERS_f1_macro": [0.5541717541717541], "tr_SCHIZOPHRENIA.AND.OTHER.PSYCHIATRIC.DISORDERS_f1_micro": [0.8298611111111112], "tr_SCHIZOPHRENIA.AND.OTHER.PSYCHIATRIC.DISORDERS_f1_weighted": [0.7612001424501433], "tr_UNSURE_f1_macro": [0.6937728937728939], "tr_UNSURE_f1_micro": [0.8993055555555556], "tr_UNSURE_f1_weighted": [0.8555097680097689], "tr_ADVANCED.HEART.DISEASE_accs": [0.8680555820465088], "eval_ADVANCED.HEART.DISEASE_accs": [0.8409090638160706], "tr_ADVANCED.LUNG.DISEASE_accs": [0.9201388955116272], "eval_ADVANCED.LUNG.DISEASE_accs": [0.9431818127632141], "tr_ALCOHOL.ABUSE_accs": [0.8854166865348816], "eval_ALCOHOL.ABUSE_accs": [0.9545454382896423], "tr_CHRONIC.NEUROLOGICAL.DYSTROPHIES_accs": [0.8385416865348816], "eval_CHRONIC.NEUROLOGICAL.DYSTROPHIES_accs": [0.7159090638160706], "tr_CHRONIC.PAIN.FIBROMYALGIA_accs": [0.8368055820465088], "eval_CHRONIC.PAIN.FIBROMYALGIA_accs": [0.8863636255264282], "tr_DEMENTIA_accs": [0.9565972089767456], "eval_DEMENTIA_accs": [0.9659090638160706], "tr_DEPRESSION_accs": [0.71875], "eval_DEPRESSION_accs": [0.8636363744735718], "tr_DEVELOPMENTAL.DELAY.RETARDATION_accs": [0.9861111044883728], "eval_DEVELOPMENTAL.DELAY.RETARDATION_accs": [0.9886363744735718], "tr_NON.ADHERENCE_accs": [0.9340277910232544], "eval_NON.ADHERENCE_accs": [0.9318181872367859], "tr_NONE_accs": [0.703125], "eval_NONE_accs": [0.7272727489471436], "tr_OBESITY_accs": [0.9461805820465088], "eval_OBESITY_accs": [0.9545454382896423], "tr_OTHER.SUBSTANCE.ABUSE_accs": [0.9010416865348816], "eval_OTHER.SUBSTANCE.ABUSE_accs": [0.9659090638160706], "tr_SCHIZOPHRENIA.AND.OTHER.PSYCHIATRIC.DISORDERS_accs": [0.8298611044883728], "eval_SCHIZOPHRENIA.AND.OTHER.PSYCHIATRIC.DISORDERS_accs": [0.9318181872367859], "tr_UNSURE_accs": [0.8993055820465088], "eval_UNSURE_accs": [0.9772727489471436], "tr_loss": [0.3677656410468949], "eval_loss": [0.303071528673172], "tr_avg_f1s_weighted": [0.8217690763821717], "eval_ADVANCED.HEART.DISEASE_f1_macro": [0.6340992340992341], "eval_ADVANCED.HEART.DISEASE_f1_micro": [0.8409090909090909], "eval_ADVANCED.HEART.DISEASE_f1_weighted": [0.7772560772560773], "eval_ADVANCED.LUNG.DISEASE_f1_macro": [0.8470862470862471], "eval_ADVANCED.LUNG.DISEASE_f1_micro": [0.9431818181818182], "eval_ADVANCED.LUNG.DISEASE_f1_weighted": [0.9194638694638694], "eval_ALCOHOL.ABUSE_f1_macro": [0.8510822510822511], "eval_ALCOHOL.ABUSE_f1_micro": [0.9545454545454546], "eval_ALCOHOL.ABUSE_f1_weighted": [0.9341991341991341], "eval_CHRONIC.NEUROLOGICAL.DYSTROPHIES_f1_macro": [0.44395604395604393], "eval_CHRONIC.NEUROLOGICAL.DYSTROPHIES_f1_micro": [0.7159090909090909], "eval_CHRONIC.NEUROLOGICAL.DYSTROPHIES_f1_weighted": [0.6348151848151847], "eval_CHRONIC.PAIN.FIBROMYALGIA_f1_macro": [0.6935064935064935], "eval_CHRONIC.PAIN.FIBROMYALGIA_f1_micro": [0.8863636363636364], "eval_CHRONIC.PAIN.FIBROMYALGIA_f1_weighted": [0.8402597402597402], "eval_DEMENTIA_f1_macro": [0.8545454545454546], "eval_DEMENTIA_f1_micro": [0.9659090909090909], "eval_DEMENTIA_f1_weighted": [0.95], "eval_DEPRESSION_f1_macro": [0.6872460872460873], "eval_DEPRESSION_f1_micro": [0.8636363636363636], "eval_DEPRESSION_f1_weighted": [0.8073260073260073], "eval_DEVELOPMENTAL.DELAY.RETARDATION_f1_macro": [0.9515151515151515], "eval_DEVELOPMENTAL.DELAY.RETARDATION_f1_micro": [0.9886363636363636], "eval_DEVELOPMENTAL.DELAY.RETARDATION_f1_weighted": [0.9833333333333333], "eval_NON.ADHERENCE_f1_macro": [0.7991341991341993], "eval_NON.ADHERENCE_f1_micro": [0.9318181818181818], "eval_NON.ADHERENCE_f1_weighted": [0.9017316017316016], "eval_NONE_f1_macro": [0.46280386280386276], "eval_NONE_f1_micro": [0.7272727272727273], "eval_NONE_f1_weighted": [0.6198468198468198], "eval_OBESITY_f1_macro": [0.8510822510822511], "eval_OBESITY_f1_micro": [0.9545454545454546], "eval_OBESITY_f1_weighted": [0.9341991341991341], "eval_OTHER.SUBSTANCE.ABUSE_f1_macro": [0.8545454545454546], "eval_OTHER.SUBSTANCE.ABUSE_f1_micro": [0.9659090909090909], "eval_OTHER.SUBSTANCE.ABUSE_f1_weighted": [0.95], "eval_SCHIZOPHRENIA.AND.OTHER.PSYCHIATRIC.DISORDERS_f1_macro": [0.8436230436230437], "eval_SCHIZOPHRENIA.AND.OTHER.PSYCHIATRIC.DISORDERS_f1_micro": [0.9318181818181818], "eval_SCHIZOPHRENIA.AND.OTHER.PSYCHIATRIC.DISORDERS_f1_weighted": [0.9036630036630037], "eval_UNSURE_f1_macro": [0.9030303030303031], "eval_UNSURE_f1_micro": [0.9772727272727273], "eval_UNSURE_f1_weighted": [0.9666666666666667], "eval_avg_f1s_weighted": [0.865911469482898]}